Material,Heat treatment,Su,Sy,A5,Bhn,E,G,mu,Ro,C,Mn,P,S,Si,Ni,Cr,Mo,Fe
Steel SAE 1015,as-rolled,421,314,39.0,126.0,207000,79000,0.3,7860,0.136184,0.342828,0.001075,0.007927,0.0,0.0,0.0,0.0,99.511986
Steel SAE 1015,normalized,424,324,37.0,121.0,207000,79000,0.3,7860,0.149983,0.563571,0.027726,0.028617,0.0,0.0,0.0,0.0,99.230103
Steel SAE 1015,annealed,386,284,37.0,111.0,207000,79000,0.3,7860,0.172061,0.356569,0.002655,0.045889,0.0,0.0,0.0,0.0,99.422826
Steel SAE 1020,as-rolled,448,331,36.0,143.0,207000,79000,0.3,7860,0.220168,0.455266,0.027873,0.020515,0.0,0.0,0.0,0.0,99.276178
Steel SAE 1020,normalized,441,346,35.8,131.0,207000,79000,0.3,7860,0.222798,0.465205,0.014807,0.036727,0.0,0.0,0.0,0.0,99.260463
Steel SAE 1020,annealed,395,295,36.5,111.0,207000,79000,0.3,7860,0.217434,0.449034,0.034043,0.011538,0.0,0.0,0.0,0.0,99.287951
Steel SAE 1022,as-rolled,503,359,35.0,149.0,207000,79000,0.3,7860,0.199387,0.825702,0.026212,0.032217,0.0,0.0,0.0,0.0,98.916482
Steel SAE 1022,normalized,483,359,34.0,143.0,207000,79000,0.3,7860,0.229056,0.704931,0.026564,0.022017,0.0,0.0,0.0,0.0,99.017432
Steel SAE 1022,annealed,450,317,35.0,137.0,207000,79000,0.3,7860,0.227444,0.914473,0.034345,0.01729,0.0,0.0,0.0,0.0,98.806448
Steel SAE 1030,as-rolled,552,345,32.0,179.0,207000,79000,0.3,7860,0.284595,0.607157,0.013782,0.036122,0.0,0.0,0.0,0.0,99.058344
Steel SAE 1030,normalized,517,345,32.0,149.0,207000,79000,0.3,7860,0.307813,0.716422,0.003758,0.045483,0.0,0.0,0.0,0.0,98.926525
Steel SAE 1030,annealed,464,341,31.0,126.0,207000,79000,0.3,7860,0.281862,0.680717,0.010307,0.046376,0.0,0.0,0.0,0.0,98.980739
Steel SAE 1030,tempered at 400 F,848,648,17.0,495.0,207000,79000,0.3,7860,0.337678,0.818081,0.024682,0.042328,0.0,0.0,0.0,0.0,98.77723
Steel SAE 1040,as-rolled,621,414,25.0,201.0,207000,79000,0.3,7860,0.393637,0.79458,0.037447,0.03539,0.0,0.0,0.0,0.0,98.738946
Steel SAE 1040,normalized,590,374,28.0,170.0,207000,79000,0.3,7860,0.375107,0.625425,0.029199,0.00911,0.0,0.0,0.0,0.0,98.961158
Steel SAE 1040,annealed,519,353,30.0,149.0,207000,79000,0.3,7860,0.400175,0.657532,0.006709,0.04246,0.0,0.0,0.0,0.0,98.893124
Steel SAE 1040,tempered at 400 F,779,593,19.0,262.0,207000,79000,0.3,7860,0.433312,0.731918,0.022672,0.015168,0.0,0.0,0.0,0.0,98.79693
Steel SAE 1050,as-rolled,724,414,20.0,229.0,207000,79000,0.3,7860,0.489641,0.773034,0.037658,0.032042,0.0,0.0,0.0,0.0,98.667625
Steel SAE 1050,normalized,748,427,20.0,217.0,207000,79000,0.3,7860,0.4809,0.729633,0.023839,0.042379,0.0,0.0,0.0,0.0,98.72325
Steel SAE 1050,annealed,636,365,23.7,187.0,207000,79000,0.3,7860,0.487313,0.841987,0.017551,0.031002,0.0,0.0,0.0,0.0,98.622147
Steel SAE 1050,tempered at 600 F,979,724,14.0,321.0,207000,79000,0.3,7860,0.487947,0.819861,0.030058,0.026195,0.0,0.0,0.0,0.0,98.635939
Steel SAE 1060,as-rolled,814,483,17.0,241.0,207000,79000,0.3,7860,0.659803,0.784751,0.026873,0.029407,0.0,0.0,0.0,0.0,98.499167
Steel SAE 1060,normalized,776,421,18.0,229.0,207000,79000,0.3,7860,0.604024,0.68118,0.007335,0.047318,0.0,0.0,0.0,0.0,98.660143
Steel SAE 1060,annealed,626,372,22.5,179.0,207000,79000,0.3,7860,0.600816,0.834557,0.036783,0.024447,0.0,0.0,0.0,0.0,98.503398
Steel SAE 1060,tempered at 600 F,1103,779,13.0,321.0,207000,79000,0.3,7860,0.570236,0.873661,0.028906,0.003261,0.0,0.0,0.0,0.0,98.523938
Steel SAE 1080,as-rolled,965,586,12.0,293.0,207000,79000,0.3,7860,0.788511,0.774657,0.003335,0.034386,0.0,0.0,0.0,0.0,98.399111
Steel SAE 1080,normalized,1010,524,11.0,293.0,207000,79000,0.3,7860,0.837488,0.626919,0.027543,0.03728,0.0,0.0,0.0,0.0,98.47077
Steel SAE 1080,annealed,615,376,24.7,174.0,207000,79000,0.3,7860,0.813093,0.667936,0.025825,0.034718,0.0,0.0,0.0,0.0,98.458427
Steel SAE 1080,tempered at 600 F,1303,979,12.0,388.0,207000,79000,0.3,7860,0.842986,0.828121,0.02111,0.019775,0.0,0.0,0.0,0.0,98.288008
Steel SAE 1095,as-rolled,965,572,9.0,293.0,207000,79000,0.3,7860,1.00296,0.358213,0.00746,0.043936,0.0,0.0,0.0,0.0,98.587431
Steel SAE 1095,normalized,1014,500,9.5,293.0,207000,79000,0.3,7860,0.906168,0.32379,0.010643,0.046901,0.0,0.0,0.0,0.0,98.712498
Steel SAE 1095,annealed,657,379,13.0,192.0,207000,79000,0.3,7860,0.965066,0.448501,0.014764,0.011866,0.0,0.0,0.0,0.0,98.559803
Steel SAE 1095,tempered at 400 F,1289,827,10.0,401.0,207000,79000,0.3,7860,0.990017,0.346335,0.006998,0.00339,0.0,0.0,0.0,0.0,98.65326
Steel SAE 1117,as-rolled,487,305,33.0,143.0,207000,79000,0.3,7860,0.170548,1.138892,0.04,0.115059,0.0,0.0,0.0,0.0,98.535501
Steel SAE 1117,normalized,467,303,33.5,137.0,207000,79000,0.3,7860,0.196291,1.148411,0.04,0.119819,0.0,0.0,0.0,0.0,98.49548
Steel SAE 1117,annealed,429,279,32.8,121.0,207000,79000,0.3,7860,0.153254,1.255193,0.04,0.111707,0.0,0.0,0.0,0.0,98.439846
Steel SAE 1118,as-rolled,521,316,32.0,149.0,207000,79000,0.3,7860,0.1794,1.57947,0.0041,0.086997,0.0,0.0,0.0,0.0,98.150033
Steel SAE 1118,normalized,477,319,33.5,143.0,207000,79000,0.3,7860,0.198723,1.308076,0.035917,0.087986,0.0,0.0,0.0,0.0,98.369299
Steel SAE 1118,annealed,450,284,34.5,131.0,207000,79000,0.3,7860,0.17838,1.542697,0.009587,0.109538,0.0,0.0,0.0,0.0,98.159798
Steel SAE 1137,as-rolled,627,379,28.0,192.0,207000,79000,0.3,7860,0.360471,1.555581,0.016655,0.090844,0.0,0.0,0.0,0.0,97.97645
Steel SAE 1137,normalized,669,396,22.5,197.0,207000,79000,0.3,7860,0.360469,1.419035,0.006321,0.109616,0.0,0.0,0.0,0.0,98.104559
Steel SAE 1137,annealed,584,345,26.8,174.0,207000,79000,0.3,7860,0.365743,1.613171,0.009822,0.087725,0.0,0.0,0.0,0.0,97.923538
Steel SAE 1137,tempered at 400 F,1082,938,5.0,352.0,207000,79000,0.3,7860,0.3542,1.547139,0.037697,0.118572,0.0,0.0,0.0,0.0,97.942392
Steel SAE 1141,as-rolled,676,359,22.0,192.0,207000,79000,0.3,7860,0.375736,1.51878,0.04,0.11775,0.0,0.0,0.0,0.0,97.947734
Steel SAE 1141,normalized,707,405,22.7,201.0,207000,79000,0.3,7860,0.400416,1.448449,0.04,0.098759,0.0,0.0,0.0,0.0,98.012376
Steel SAE 1141,annealed,598,353,25.5,163.0,207000,79000,0.3,7860,0.443869,1.458509,0.04,0.092926,0.0,0.0,0.0,0.0,97.964696
Steel SAE 1141,tempered at 400 F,1634,1213,6.0,461.0,207000,79000,0.3,7860,0.418431,1.359449,0.04,0.119443,0.0,0.0,0.0,0.0,98.062677
Steel SAE 1144,as-rolled,703,421,21.0,212.0,207000,79000,0.3,7860,0.411853,1.370233,0.04,0.315101,0.0,0.0,0.0,0.0,97.862814
Steel SAE 1144,normalized,667,400,21.0,197.0,207000,79000,0.3,7860,0.450605,1.473122,0.04,0.255696,0.0,0.0,0.0,0.0,97.780577
Steel SAE 1144,annealed,584,346,24.8,167.0,207000,79000,0.3,7860,0.416549,1.392128,0.04,0.278838,0.0,0.0,0.0,0.0,97.872485
Steel SAE 1144,tempered at 400 F,876,627,17.0,277.0,207000,79000,0.3,7860,0.452628,1.499874,0.04,0.269213,0.0,0.0,0.0,0.0,97.738285
Steel SAE 1340,normalized,836,558,22.0,248.0,207000,79000,0.3,7860,0.424789,1.628308,0.003915,0.007604,0.19693,0.0,0.0,0.0,97.738454
Steel SAE 1340,annealed,703,436,25.5,207.0,207000,79000,0.3,7860,0.420073,1.830835,0.032076,0.009834,0.207115,0.0,0.0,0.0,97.500067
Steel SAE 1340,tempered at 400 F,1806,1593,11.0,505.0,207000,79000,0.3,7860,0.396626,1.600531,0.019883,0.026435,0.199533,0.0,0.0,0.0,97.756992
Steel SAE 3140,normalized,891,600,19.7,262.0,207000,79000,0.3,7860,0.421034,0.876092,0.04,0.009709,0.237302,1.195949,0.686117,0.0,96.533797
Steel SAE 3140,annealed,689,422,24.5,197.0,207000,79000,0.3,7860,0.385961,0.869089,0.04,0.001287,0.185548,1.25369,0.578887,0.0,96.685537
Steel SAE 4037,tempered at 400 F,1027,758,6.0,310.0,207000,79000,0.3,7860,0.372467,0.83983,0.035,0.04,0.339298,0.0,0.0,0.229702,98.143704
Steel SAE 4042,tempered at 400 F,1800,1662,12.0,516.0,207000,79000,0.3,7860,0.439492,0.747058,0.035,0.04,0.243697,0.0,0.0,0.223944,98.27081
Steel SAE 4130,normalized,669,436,25.5,197.0,207000,79000,0.3,7860,0.316898,0.4242,0.035,0.04,0.239374,0.0,0.911459,0.205046,97.828023
Steel SAE 4130,annealed,560,360,28.2,156.0,207000,79000,0.3,7860,0.321572,0.444687,0.035,0.04,0.235677,0.0,1.028176,0.171638,97.72325
Steel SAE 4130,tempered at 400 F,1627,1462,10.0,467.0,207000,79000,0.3,7860,0.310174,0.437717,0.035,0.04,0.190602,0.0,1.072807,0.232447,97.681254
Steel SAE 4140,normalized,1020,655,17.7,302.0,207000,79000,0.3,7860,0.429041,0.977081,0.017617,0.037155,0.175862,0.0,0.971476,0.240856,97.150911
Steel SAE 4140,annealed,655,417,25.7,197.0,207000,79000,0.3,7860,0.419417,0.8202,0.006674,0.013876,0.244142,0.0,1.03429,0.174892,97.286508
Steel SAE 4140,tempered at 400 F,1772,1641,8.0,510.0,207000,79000,0.3,7860,0.384145,0.851855,0.021907,0.018862,0.156659,0.0,0.805478,0.168872,97.592221
Steel SAE 4150,normalized,1155,734,11.7,321.0,207000,79000,0.3,7860,0.525389,0.886855,0.004725,0.039098,0.275487,0.0,0.976664,0.161771,97.130011
Steel SAE 4150,annealed,729,379,20.2,197.0,207000,79000,0.3,7860,0.491509,0.750774,0.012894,0.008359,0.188474,0.0,0.848551,0.234334,97.465105
Steel SAE 4150,tempered at 400 F,1931,1724,10.0,530.0,207000,79000,0.3,7860,0.497866,0.948931,0.029542,0.035219,0.204929,0.0,1.042124,0.15488,97.086508
Steel SAE 4320,normalized,793,464,20.8,235.0,207000,79000,0.3,7860,0.205328,0.576096,0.015503,0.011352,0.188381,1.77847,0.4548,0.262564,96.507506
Steel SAE 4320,annealed,579,425,29.0,163.0,207000,79000,0.3,7860,0.21287,0.537376,0.023418,0.026537,0.154307,1.826021,0.565767,0.219751,96.433955
Steel SAE 4340,normalized,1279,862,12.2,363.0,207000,79000,0.3,7860,0.407454,0.769258,0.035,0.04,0.234416,1.706669,0.838454,0.249281,95.719469
Steel SAE 4340,annealed,745,472,22.0,217.0,207000,79000,0.3,7860,0.411424,0.653662,0.035,0.04,0.194128,1.744324,0.894774,0.294845,95.731843
Steel SAE 4340,tempered at 400 F,1875,1675,10.0,520.0,207000,79000,0.3,7860,0.418123,0.662014,0.035,0.04,0.161211,1.664154,0.716722,0.244059,96.058716
Steel SAE 4620,normalized,574,366,29.0,174.0,207000,79000,0.3,7860,0.190555,0.596937,0.035,0.04,0.348439,1.715068,0.0,0.227755,96.846247
Steel SAE 4620,annealed,512,372,31.3,149.0,207000,79000,0.3,7860,0.196537,0.632234,0.035,0.04,0.219095,1.739202,0.0,0.296548,96.841384
Steel SAE 4820,normalized,755,484,24.0,229.0,207000,79000,0.3,7860,0.198764,0.51644,0.014181,0.015161,0.241013,3.593516,0.0,0.228854,95.192071
Steel SAE 4820,annealed,681,464,22.3,197.0,207000,79000,0.3,7860,0.180579,0.537127,0.026849,0.004372,0.256969,3.369235,0.0,0.245529,95.379339
Steel SAE 5046,tempered at 400 F,1744,1407,9.0,482.0,207000,79000,0.3,7860,0.476037,0.817886,0.028353,0.002899,0.28464,0.0,0.323008,0.0,98.067178
Steel SAE 5130,tempered at 400 F,1613,1517,10.0,475.0,207000,79000,0.3,7860,0.29552,0.834297,0.035,0.04,0.169395,0.0,0.806213,0.0,97.819575
Steel SAE 5140,normalized,793,472,22.7,229.0,207000,79000,0.3,7860,0.381889,0.836856,0.011014,0.0252,0.227883,0.0,0.819306,0.0,97.697852
Steel SAE 5140,annealed,572,293,28.6,167.0,207000,79000,0.3,7860,0.382509,0.709958,0.02936,0.035957,0.286244,0.0,0.708323,0.0,97.84765
Steel SAE 5140,tempered at 400 F,1793,1641,9.0,490.0,207000,79000,0.3,7860,0.39261,0.790487,0.007497,0.023008,0.270444,0.0,0.795388,0.0,97.720566
Steel SAE 5150,normalized,870,529,20.7,255.0,207000,79000,0.3,7860,0.52984,0.865641,0.022135,0.011261,0.211381,0.0,0.749713,0.0,97.61003
Steel SAE 5150,annealed,676,357,22.0,197.0,207000,79000,0.3,7860,0.520291,0.86932,0.024273,0.016865,0.150537,0.0,0.74212,0.0,97.676593
Steel SAE 5150,tempered at 400 F,1944,1731,5.0,525.0,207000,79000,0.3,7860,0.502352,0.73295,0.034722,0.000734,0.237018,0.0,0.718923,0.0,97.773302
Steel SAE 5160,normalized,957,531,17.5,269.0,207000,79000,0.3,7860,0.562778,0.843516,0.000822,0.02586,0.250356,0.0,0.850336,0.0,97.466332
Steel SAE 5160,annealed,722,276,17.2,197.0,207000,79000,0.3,7860,0.562953,0.915785,0.025008,0.031783,0.176069,0.0,0.749458,0.0,97.538944
Steel SAE 5160,tempered at 400 F,2220,1793,4.0,627.0,207000,79000,0.3,7860,0.562772,0.797744,0.003686,0.018568,0.160743,0.0,0.85671,0.0,97.599777
Steel SAE 6150,normalized,939,615,21.8,269.0,207000,79000,0.3,7860,0.521509,0.706636,0.00948,0.019436,0.281656,0.0,0.958129,0.269949,97.233205
Steel SAE 6150,annealed,667,412,23.0,197.0,207000,79000,0.3,7860,0.52818,0.820766,0.010676,0.01916,0.20543,0.0,1.080369,0.35678,96.978639
Steel SAE 6150,tempered at 400 F,1931,1689,8.0,538.0,207000,79000,0.3,7860,0.511248,0.727007,0.021745,0.032955,0.26022,0.0,0.843356,0.152103,97.451366
Steel SAE 8620,normalized,633,357,26.3,183.0,207000,79000,0.3,7860,0.180049,0.882198,0.014118,0.016641,0.211119,0.491152,0.412185,0.160341,97.632196
Steel SAE 8620,annealed,536,385,31.3,149.0,207000,79000,0.3,7860,0.208737,0.801651,0.022876,0.039872,0.209331,0.567918,0.426162,0.223517,97.499935
Steel SAE 8630,normalized,650,429,23.5,187.0,207000,79000,0.3,7860,0.301756,0.837276,0.016944,0.025742,0.177455,0.671658,0.58302,0.228437,97.157712
Steel SAE 8630,annealed,564,372,29.0,156.0,207000,79000,0.3,7860,0.305481,0.745755,0.010649,0.031714,0.299008,0.556908,0.573168,0.239019,97.238297
Steel SAE 8630,tempered at 400 F,1641,1503,9.0,465.0,207000,79000,0.3,7860,0.287162,0.862185,0.025863,0.034855,0.229473,0.41041,0.494106,0.211231,97.444715
Steel SAE 8640,tempered at 400 F,1862,1669,10.0,505.0,207000,79000,0.3,7860,0.400902,0.922902,0.00298,0.020635,0.203031,0.591629,0.501412,0.229179,97.127329
Steel SAE 8650,normalized,1024,688,14.0,302.0,207000,79000,0.3,7860,0.524977,0.933021,0.00228,0.014233,0.277406,0.589147,0.577438,0.233087,96.848412
Steel SAE 8650,annealed,715,386,22.5,212.0,207000,79000,0.3,7860,0.499918,0.988057,0.018612,0.011309,0.17431,0.699979,0.404777,0.163077,97.039962
Steel SAE 8650,tempered at 400 F,1937,1675,10.0,525.0,207000,79000,0.3,7860,0.504293,0.875329,0.013017,0.017012,0.182338,0.508669,0.419045,0.249156,97.23114
Steel SAE 8660,tempered at 800 F,1634,1551,13.0,460.0,207000,79000,0.3,7860,0.64374,0.972194,0.013818,0.038936,0.254523,0.607682,0.676918,0.136119,96.65607
Steel SAE 8740,normalized,929,607,16.0,269.0,207000,79000,0.3,7860,0.400723,0.963964,0.01277,0.04,0.315985,0.690148,0.523769,0.217273,96.835368
Steel SAE 8740,annealed,695,415,22.2,201.0,207000,79000,0.3,7860,0.388118,0.985872,0.01259,0.04,0.486148,0.490072,0.437032,0.257478,96.902691
Steel SAE 8740,tempered at 400 F,1999,1655,10.0,578.0,207000,79000,0.3,7860,0.402756,0.800916,0.026637,0.04,0.3687,0.409938,0.470699,0.20335,97.277004
Steel SAE 9255,normalized,933,579,19.7,269.0,207000,79000,0.3,7860,0.599373,0.87638,0.015409,0.015014,2.087917,0.0,0.0,0.0,96.405906
Steel SAE 9255,annealed,774,486,21.7,229.0,207000,79000,0.3,7860,0.565176,0.787088,0.028902,0.001368,2.073473,0.0,0.0,0.0,96.543993
Steel SAE 9255,tempered at 400 F,2103,2048,1.0,601.0,207000,79000,0.3,7860,0.561747,0.776331,0.033027,0.034406,2.104238,0.0,0.0,0.0,96.490252
Steel SAE 9260,tempered at 800 F,1758,1503,8.0,470.0,207000,79000,0.3,7860,0.63942,0.97945,0.018271,0.013385,2.145253,0.0,0.35,0.0,95.854221
Steel SAE 9310,normalized,907,571,18.8,269.0,207000,79000,0.3,7860,0.101014,0.677541,0.003432,0.006676,0.189739,3.389089,1.369739,0.090265,94.172506
Steel SAE 9310,annealed,820,440,17.3,241.0,207000,79000,0.3,7860,0.113871,0.493555,0.003114,0.00559,0.298196,3.040705,1.052878,0.08255,94.909541
Steel 08 GOST 1050-88,normalized,320,196,33.0,131.0,203000,78000,0.3,7871,0.43413,0.492291,0.034945,0.014095,0.636534,0.0,0.036728,0.0,98.351276
Steel 10 GOST 1050-88,normalized,330,205,31.0,143.0,206000,79000,0.3,7856,0.242206,0.372234,0.009371,0.00445,0.251641,0.0,0.138403,0.0,98.981694
Steel 10 GOST 1050-88,case-hardened,400,250,8.0,,206000,79000,0.3,7856,0.598109,0.613996,0.002154,0.022764,0.237858,0.0,0.06951,0.0,98.45561
Steel 10 GOST 1050-88,Cold working,410,250,8.0,187.0,206000,79000,0.3,7856,0.318752,0.477416,0.020733,0.035869,0.209495,0.0,0.020279,0.0,98.917456
Steel 10 GOST 1050-88,Annealing or high tempering,290,190,26.0,143.0,206000,79000,0.3,7856,0.454812,0.615745,0.008368,0.019592,0.258323,0.0,0.042492,0.0,98.600669
Steel 15 GOST 1050-88,normalized,370,225,27.0,149.0,201000,78000,0.29,7850,0.184995,0.434541,0.027297,0.025753,0.083034,0.0,0.077844,0.0,99.166536
Steel 15 GOST 1050-88,case-hardened,450,250,8.0,,201000,78000,0.29,7850,0.14653,0.511587,0.028635,0.045737,0.03543,0.0,0.044668,0.0,99.187413
Steel 15 GOST 1050-88,Cold working,440,340,8.0,197.0,201000,78000,0.29,7850,0.170401,0.381674,0.020104,0.012015,0.018449,0.0,0.017037,0.0,99.380319
Steel 15 GOST 1050-88,Annealing or high tempering,340,220,23.0,149.0,201000,78000,0.29,7850,0.144814,0.484483,0.000458,0.005863,0.150017,0.0,0.090132,0.0,99.124232
Steel 20 GOST 1050-88,normalized,410,245,25.0,163.0,212000,82000,0.29,7859,0.184114,0.643862,0.007274,0.022057,0.223834,0.0,0.129335,0.0,98.789524
Steel 20 GOST 1050-88,case-hardened,500,300,12.471666666666666,,212000,82000,0.29,7859,0.203424,0.59566,0.016583,0.001442,0.297716,0.0,0.1044,0.0,98.780775
Steel 20 GOST 1050-88,Cold working,490,300,7.0,207.0,212000,82000,0.29,7859,0.21807,0.578182,0.02825,0.020228,0.182563,0.0,0.197053,0.0,98.775654
Steel 20 GOST 1050-88,Annealing or high tempering,390,240,21.0,163.0,212000,82000,0.29,7859,0.233684,0.389368,0.004462,0.021099,0.213727,0.0,0.06884,0.0,99.068819
Steel 25 GOST 1050-88,normalized,450,275,23.0,170.0,198000,77000,0.29,7820,0.294246,0.604964,0.035794,0.034392,0.308326,0.0,0.002163,0.0,98.720116
Steel 25 GOST 1050-88,case-hardened,550,350,9.601333333333333,,198000,77000,0.29,7820,0.29513,0.768749,0.019574,0.01811,0.226486,0.0,0.071108,0.0,98.600843
Steel 25 GOST 1050-88,Cold working,540,350,7.0,217.0,198000,77000,0.29,7820,0.223697,0.513113,0.018904,0.014148,0.220536,0.0,0.196978,0.0,98.812625
Steel 25 GOST 1050-88,Annealing or high tempering,410,270,19.0,170.0,198000,77000,0.29,7820,0.221808,0.782829,0.024661,0.040637,0.317248,0.0,0.196145,0.0,98.41667
Steel 30 GOST 1050-88,normalized,490,295,21.0,179.0,200000,77000,0.3,7850,0.299514,0.636295,0.010231,0.017075,0.30774,0.0,0.224587,0.0,98.504557
Steel 30 GOST 1050-88,Improved,600,350,10.626666666666667,,200000,77000,0.3,7850,0.329797,0.729513,0.030554,0.025043,0.342336,0.0,0.127939,0.0,98.414818
Steel 30 GOST 1050-88,Cold working,560,340,7.0,229.0,200000,77000,0.3,7850,0.337772,0.767613,0.012162,0.022286,0.317427,0.0,0.20522,0.0,98.33752
Steel 30 GOST 1050-88,Annealing or high tempering,440,290,17.0,179.0,200000,77000,0.3,7850,0.286029,0.727713,0.011175,0.033313,0.295951,0.0,0.078264,0.0,98.567555
Steel 30 GOST 1050-88,Quenched and tempered,575,295,21.0,,200000,77000,0.3,7850,0.308249,0.767972,0.026685,0.004957,0.362693,0.0,0.020471,0.0,98.508973
Steel 35 GOST 1050-88,normalized,530,315,20.0,207.0,206000,79000,0.3,7826,0.345408,0.696128,0.002697,0.04772,0.18461,0.238972,0.096494,0.0,98.387972
Steel 35 GOST 1050-88,Improved,650,380,19.0,,206000,79000,0.3,7826,0.341775,0.783762,0.019037,0.013015,0.194228,0.190243,0.136821,0.0,98.32112
Steel 35 GOST 1050-88,Quenching and cooling in the water,1000,650,11.138666666666666,,206000,79000,0.3,7826,0.355592,0.642728,0.037345,0.036988,0.327321,0.147378,0.179987,0.0,98.272661
Steel 35 GOST 1050-88,Cold working,590,350,6.0,229.0,206000,79000,0.3,7826,0.323011,0.522252,0.017547,0.049906,0.312721,0.06129,0.216431,0.0,98.496842
Steel 35 GOST 1050-88,Annealing or high tempering,470,310,15.0,187.0,206000,79000,0.3,7826,0.339034,0.503054,0.005272,0.038302,0.322655,0.152676,0.00425,0.0,98.634758
Steel 35 GOST 1050-88,Quenched and tempered,625,315,20.0,,206000,79000,0.3,7826,0.331966,0.51047,0.002432,0.010286,0.245942,0.204454,0.158573,0.0,98.535877
Steel 40 GOST 1050-88,normalized,570,335,19.0,217.0,212000,82000,0.29,7850,0.42538,0.733476,0.037247,0.047861,0.347857,0.0,0.063811,0.0,98.344368
Steel 40 GOST 1050-88,Improved,700,400,14.117,,212000,82000,0.29,7850,0.433064,0.512355,0.026107,0.004069,0.358443,0.0,0.093922,0.0,98.57204
Steel 40 GOST 1050-88,Quenching and cooling in the water,1000,650,14.227666666666634,,212000,82000,0.29,7850,0.383284,0.731099,0.008906,0.016117,0.345973,0.0,0.016896,0.0,98.497726
Steel 40 GOST 1050-88,Cold working,610,380,6.0,241.0,212000,82000,0.29,7850,0.445127,0.611002,0.038512,0.034408,0.272688,0.0,0.149676,0.0,98.448588
Steel 40 GOST 1050-88,Annealing or high tempering,510,330,14.0,197.0,212000,82000,0.29,7850,0.407251,0.545297,0.03291,0.00286,0.287481,0.0,0.025635,0.0,98.698565
Steel 40 GOST 1050-88,Quenched and tempered,675,355,19.0,,212000,82000,0.29,7850,0.404671,0.70139,0.025051,0.014582,0.294373,0.0,0.104692,0.0,98.45524
Steel 45 GOST 1050-88,normalized,600,355,16.0,220.0,200000,77000,0.3,7810,0.425395,0.655834,0.000106,0.004694,0.191271,0.0,0.051889,0.0,98.67081
Steel 45 GOST 1050-88,Improved,750,450,16.0,,200000,77000,0.3,7810,0.437607,0.736389,0.029931,0.015967,0.211514,0.0,0.227912,0.0,98.34068
Steel 45 GOST 1050-88,Quenching and cooling in the oil,900,650,11.283333333333333,,200000,77000,0.3,7810,0.438162,0.646667,0.035388,0.041277,0.335812,0.0,0.162805,0.0,98.339889
Steel 45 GOST 1050-88,Quenching and cooling in the water,1000,700,10.852222222222222,,200000,77000,0.3,7810,0.467213,0.539483,0.005511,0.000814,0.20609,0.0,0.217803,0.0,98.563086
Steel 45 GOST 1050-88,Quenching and cooling in the water,1200,950,7.02407142857143,,200000,77000,0.3,7810,0.472599,0.547388,0.001053,0.014612,0.26691,0.0,0.109411,0.0,98.588028
Steel 45 GOST 1050-88,Quenching and heating,750,450,14.22,,200000,77000,0.3,7810,0.452959,0.728133,0.019345,0.016877,0.349517,0.0,0.022303,0.0,98.410865
Steel 45 GOST 1050-88,Cold working,640,440,6.0,241.0,200000,77000,0.3,7810,0.473323,0.797237,0.005587,0.004184,0.287906,0.0,0.122972,0.0,98.308793
Steel 45 GOST 1050-88,Annealing or high tempering,540,350,13.0,207.0,200000,77000,0.3,7810,0.474676,0.707065,0.034958,0.035301,0.354129,0.0,0.020301,0.0,98.37357
Steel 45 GOST 1050-88,Quenched and tempered,705,375,17.0,,200000,77000,0.3,7810,0.431468,0.582975,0.035687,0.015173,0.30609,0.0,0.127122,0.0,98.501484
Steel 50 GOST 1050-88,normalized,600,355,14.0,241.0,216000,83000,0.3,7810,0.492376,0.574642,0.035021,0.008869,0.24203,0.0,0.171581,0.0,98.475481
Steel 50 GOST 1050-88,Improved,900,700,15.0,,216000,83000,0.3,7810,0.506881,0.679108,0.024354,0.044064,0.363757,0.0,0.022769,0.0,98.359066
Steel 50 GOST 1050-88,Cold working,660,450,6.0,255.0,216000,83000,0.3,7810,0.523343,0.515563,0.004579,0.002295,0.174708,0.0,0.214447,0.0,98.565065
Steel 50 GOST 1050-88,Annealing or high tempering,560,370,12.0,217.0,216000,83000,0.3,7810,0.482273,0.603813,0.007342,0.016172,0.248896,0.0,0.176336,0.0,98.465167
Steel 50 GOST 1050-88,Quenched and tempered,725,400,16.0,,216000,83000,0.3,7810,0.517852,0.796063,0.035949,0.021257,0.30586,0.0,0.078433,0.0,98.244586
Steel 55 GOST 1050-88,normalized,630,375,13.0,255.0,210000,81000,0.3,7820,0.593097,0.528785,0.013122,0.003936,0.365558,0.0,0.083589,0.0,98.411913
Steel 55 GOST 1050-88,Quenched and tempered,775,420,15.0,,210000,81000,0.3,7820,0.569709,0.685035,0.018631,0.026528,0.329454,0.0,0.038208,0.0,98.332435
Steel 60 GOST 1050-88,normalized,680,400,12.0,255.0,204000,79000,0.29,7810,0.632808,0.645709,0.014551,0.048374,0.242733,0.0,0.066363,0.0,98.349461
Steel 60 GOST 1050-88,Quenched and tempered,825,450,14.0,,204000,79000,0.29,7810,0.570052,0.644863,0.000795,0.013194,0.283681,0.0,0.196203,0.0,98.291212
Steel 20G GOST 1050-88,normalized,460,280,17.626666666666665,,204000,79000,0.29,7820,0.21084,0.491856,0.020964,0.001183,0.201225,0.0,0.007784,0.0,99.066148
Steel 20G GOST 1050-88,Quenching and cooling in the water,570,420,12.089571428571428,,204000,79000,0.29,7820,0.177814,0.565021,0.030215,0.017513,0.211785,0.0,0.175859,0.0,98.821793
Steel 30G GOST 1050-88,normalized,550,320,15.594,,200000,77000,0.3,7810,0.368549,0.57427,3.9e-05,0.037169,0.19005,0.0,0.0,0.0,98.829923
Steel 30G GOST 1050-88,Quenching and cooling in the water,680,560,11.43,,200000,77000,0.3,7810,0.371578,0.633065,0.016873,0.024451,0.351283,0.0,0.0,0.0,98.60275
Steel 40G GOST 1050-88,normalized,600,360,13.16,,204000,79000,0.29,7810,0.399302,0.668459,0.023509,0.005851,0.176314,0.0,0.0,0.0,98.726566
Steel 40G GOST 1050-88,Quenching and cooling in the water,840,590,11.686,,204000,79000,0.29,7810,0.398924,0.606223,0.010743,0.015581,0.275116,0.0,0.0,0.0,98.693414
Steel 50G GOST 1050-88,normalized,660,400,12.642333333333333,,216000,84000,0.29,7810,0.535091,0.53237,0.007105,0.032327,0.230712,0.0,0.115158,0.0,98.547238
Steel 50G GOST 1050-88,Quenching and cooling in the water,820,560,16.80500000000001,,216000,84000,0.29,7810,0.533997,0.537066,0.007153,0.008901,0.264628,0.0,0.097002,0.0,98.551254
Steel 65G GOST 1050-88,normalized,750,440,13.966666666666667,,215000,83000,0.3,7850,0.644617,0.545633,0.00999,0.018296,0.210234,0.0,0.206915,0.0,98.364315
Steel 65G GOST 1050-88,Improved,900,700,14.131666666666666,,215000,83000,0.3,7850,0.597558,0.656116,0.022893,0.005004,0.20311,0.0,0.134142,0.0,98.381177
Steel 65G GOST 1050-88,Quenching and cooling in the water,1500,1250,7.550666666666667,,215000,83000,0.3,7850,0.647584,0.778062,0.006804,0.034659,0.319604,0.0,0.127754,0.0,98.085532
Steel 20Ch GOST 4543-71,normalized,600,300,15.697333333333336,,216000,83000,0.3,7830,0.2,0.284265,0.024835,0.011434,0.350547,0.0,0.179317,0.0,98.949602
Steel 20Ch GOST 4543-71,Improved,700,500,16.23533333333332,,216000,83000,0.3,7830,0.2,0.349163,0.009486,0.023407,0.287127,0.0,0.083839,0.0,99.046978
Steel 20Ch GOST 4543-71,Quenching and cooling in the oil,850,630,15.244333333333337,,216000,83000,0.3,7830,0.2,0.102752,0.007129,0.008212,0.301367,0.0,0.348849,0.0,99.03169
Steel 40Ch GOST 4543-71,normalized,630,330,14.473666666666668,,214000,83000,0.29,7850,0.4,0.708862,0.003244,0.006799,0.320149,0.0,0.1,0.0,98.460945
Steel 40Ch GOST 4543-71,Improved,800,650,15.470000000000002,,214000,83000,0.29,7850,0.4,0.31879,0.021844,0.02173,0.184552,0.0,0.1,0.0,98.953084
Steel 40Ch GOST 4543-71,Quenching and cooling in the oil,1100,900,9.749999999999991,,214000,83000,0.29,7850,0.4,0.120372,0.01248,0.015501,0.261903,0.0,0.1,0.0,99.089744
Steel 40Ch GOST 4543-71,Quenching and cooling in the oil,1300,1100,9.18788888888889,,214000,83000,0.29,7850,0.4,0.389125,0.004924,0.019519,0.357025,0.0,0.1,0.0,98.729408
Steel 45Ch GOST 4543-71,normalized,650,350,14.853333333333333,,206000,79000,0.3,7820,0.45,0.572082,0.014865,0.044358,0.294827,0.0,0.1,0.0,98.523869
Steel 45Ch GOST 4543-71,Improved,950,750,10.110666666666667,,206000,79000,0.3,7820,0.45,0.741514,0.008617,0.043093,0.282733,0.0,0.1,0.0,98.374043
Steel 45Ch GOST 4543-71,Quenching and cooling in the oil,1400,1200,6.581388888888888,,206000,79000,0.3,7820,0.45,0.575908,0.029957,0.001584,0.304476,0.0,0.1,0.0,98.538075
Steel 50Ch GOST 4543-71,normalized,650,350,20.468000000000004,,207000,80000,0.29,7860,0.5,0.8,0.03497,0.038281,0.8,0.0,0.0,0.0,97.82675
Steel 50Ch GOST 4543-71,Quenching and cooling in the oil,1500,1300,7.73888888888889,,207000,80000,0.29,7860,0.5,0.8,0.037483,0.014027,0.8,0.0,0.0,0.0,97.848491
Steel 10G2 GOST 4543-71,normalized,430,250,14.296666666666667,,204000,79000,0.29,7790,0.360901,1.206063,0.013779,0.006782,0.8,0.0,0.0,0.0,97.612475
Steel 35G2 GOST 4543-71,normalized,630,370,12.161666666666667,,204000,79000,0.29,7790,0.326228,1.847284,0.022936,0.017091,0.229313,0.0,0.0,0.0,97.557148
Steel 35G2 GOST 4543-71,Quenching and cooling in the water,800,650,10.676666666666666,249.0,204000,79000,0.29,7790,0.33966,1.765423,0.027819,0.010714,0.253075,0.0,0.0,0.0,97.60331
Steel 40G2 GOST 4543-71,normalized,670,390,13.31,,212000,82000,0.29,7800,0.4,1.0296,0.034552,0.035862,0.364983,2.834845,0.0,0.0,95.300157
Steel 40G2 GOST 4543-71,Quenching and cooling in the oil,1120,950,8.855222222222222,331.0,212000,82000,0.29,7800,0.4,1.081956,0.025937,0.023178,0.276011,1.996901,0.0,0.0,96.196017
Steel 45G2 GOST 4543-71,normalized,700,410,13.76,,204000,79000,0.29,7810,0.442062,0.73245,0.005124,0.036665,0.272158,2.755416,0.0,0.0,95.756126
Steel 45G2 GOST 4543-71,Quenching and cooling in the oil,850,700,10.84,295.0,204000,79000,0.29,7810,0.489652,0.864408,0.021476,0.003867,0.223956,2.692745,0.0,0.0,95.703897
Steel 33ChS GOST 4543-71,normalized,600,300,14.380999999999998,,214000,83000,0.29,7640,0.33,1.113502,0.001811,0.013742,0.216354,0.976002,1.143554,0.0,96.205036
Steel 33ChS GOST 4543-71,Quenching and cooling in the oil,900,700,13.74066666666667,,214000,83000,0.29,7640,0.33,1.039601,0.019845,0.011256,0.214304,1.603212,1.185442,0.0,95.59634
Steel 38ChS GOST 4543-71,Improved,950,750,10.452666666666666,,211000,82000,0.29,7640,0.33,0.973265,0.029776,0.000978,0.374441,0.890481,1.230944,0.0,96.170116
Steel 30ChM GOST 4543-71,Quenching and cooling in the oil,950,750,10.356999999999998,,208000,80000,0.3,7820,0.33,0.829341,0.006835,0.002232,0.152896,2.112226,1.066264,0.0,95.500205
Steel 35ChM GOST 4543-71,Quenching and cooling in the oil,1000,850,9.378333333333334,270.0,213000,82000,0.3,7820,0.370791,0.993519,0.001642,0.002509,0.385667,0.0,0.891415,0.0,97.354456
Steel 35ChM GOST 4543-71,Quenching and cooling in the oil,1600,1400,8.97,,213000,82000,0.3,7820,0.341053,0.797634,0.023557,0.007396,0.252843,0.0,1.018376,0.0,97.55914
Steel 18ChG GOST 4543-71,Quenching and cooling in the oil,800,735,10.0,187.0,213000,82000,0.3,7820,0.18,0.67951,0.029412,0.345893,0.234405,0.0,1.0,0.0,97.53078
Steel 18ChGT GOST 4543-71,normalized,700,430,13.243000000000002,,211000,82000,0.29,7800,0.18,0.567719,0.011965,0.223376,0.36767,0.0,1.0,0.0,97.649271
Steel 18ChGT GOST 4543-71,"Case hardening,quenching and cooling in the oil",1000,800,9.0,,211000,82000,0.29,7800,0.18,0.566265,0.037764,0.049928,0.259128,0.0,1.0,0.0,97.906914
Steel 30ChGT GOST 4543-71,Quenching and cooling in the oil,1250,1050,8.569722222222225,,212000,82000,0.29,7800,0.274877,0.218254,0.017741,0.217,0.299184,0.0,1.105409,0.0,97.867535
Steel 30ChGT GOST 4543-71,"Case hardening,quenching and cooling in the oil",1100,800,9.957333333333333,,212000,82000,0.29,7800,0.294785,0.292192,0.03019,0.488231,0.335375,0.0,0.945074,0.0,97.614152
Steel 20ChGSA GOST 4543-71,Quenching and cooling in the oil,800,650,14.975666666666669,,213000,82000,0.3,7760,0.173492,0.465759,0.022493,0.288107,0.345539,1.065799,0.896999,0.0,96.741812
Steel 20ChGNR GOST 4543-71,Quenching and cooling in the oil,1300,1200,8.540000000000001,,213000,82000,0.3,7800,0.290025,0.606762,0.021309,0.248924,0.324339,0.926654,0.986146,0.0,96.595841
Steel 20ChGNR GOST 4543-71,Quenching and cooling in the oil,1450,1400,9.161777777777777,,213000,82000,0.3,7800,0.205314,0.436265,0.021897,0.011168,0.368807,1.093885,0.900498,0.0,96.962167
Steel 40ChFA GOST 4543-71,Quenching and cooling in the oil,900,750,10.0,,215000,83000,0.3,7810,0.383047,0.638988,0.02075,0.333945,0.257393,0.872438,0.848815,0.0,96.644626
Steel 40ChFA GOST 4543-71,Quenching and cooling in the oil,1600,1300,7.635555555555556,,215000,83000,0.3,7810,0.369071,0.482612,0.001009,0.076809,0.304037,0.846979,0.886324,0.0,97.033158
Steel 40ChN GOST 4543-71,normalized,780,460,13.735666666666669,,200000,77000,0.3,7850,0.368162,0.603828,0.024703,0.01222,0.353819,1.015474,1.06043,0.0,96.561364
Steel 40ChN GOST 4543-71,Quenching and cooling in the oil,1200,1000,7.041849206349208,,200000,77000,0.3,7850,0.376354,0.520117,0.007939,0.256143,0.171111,1.043731,0.912488,0.0,96.712117
Steel 12ChN2 GOST 4543-71,Quenching and cooling in the oil,800,600,18.238666666666646,,211000,82000,0.29,7880,0.12,0.808799,0.017337,0.011051,0.96705,1.644407,0.949297,0.0,95.482059
Steel 12ChN2 GOST 4543-71,"Case hardening,quenching and cooling in the oil",800,600,18.238666666666646,,211000,82000,0.29,7880,0.12,0.899342,0.014184,0.003497,1.029615,1.544694,0.978975,0.0,95.409694
Steel 12ChN3A GOST 4543-71,Improved,950,700,11.0,,200000,77000,0.3,7850,0.12,0.614895,0.012294,0.310393,1.041788,1.529188,1.064821,0.0,95.306621
Steel 12ChN3A GOST 4543-71,Quenching and heating,1000,850,9.127055555555554,,200000,77000,0.3,7850,0.12,0.704246,0.025393,0.318299,1.037251,1.891763,1.18758,0.0,94.715467
Steel 20Ch2N4A GOST 4543-71,Quenching and heating,680,450,12.601,,203000,78000,0.3,7850,0.318675,0.693658,0.028118,0.028485,0.178344,0.855755,0.852122,0.0,97.044842
Steel 20Ch2N4A GOST 4543-71,"Case hardening,quenching and cooling in the oil",1100,850,10.0,,203000,78000,0.3,7850,0.209481,0.431406,0.004672,0.019994,0.191601,1.098502,1.098288,0.0,96.946055
Steel 20Ch2N4A GOST 4543-71,Quenching and cooling in the oil,1300,1100,8.404904761904763,,203000,78000,0.3,7850,0.258087,0.698466,0.029448,0.222723,0.260785,0.898058,1.064151,0.0,96.568282
Steel 30ChGS GOST 4543-71,Annealing,600,360,11.576,,213000,82000,0.3,7850,0.312874,0.327646,0.03529,0.320076,0.34121,0.0,1.103278,0.0,97.559625
Steel 30ChGSA GOST 4543-71,Improved,1100,850,10.026222222222215,,215000,83000,0.3,7850,0.292531,0.283419,0.016625,0.18405,0.288293,0.0,1.082964,0.0,97.852118
Steel 30ChGSA GOST 4543-71,Quenching and cooling in the oil,1500,1300,7.59888888888889,,215000,83000,0.3,7850,0.280027,0.365898,0.010183,0.333615,0.253806,0.0,1.17076,0.0,97.585711
Steel 38Ch210 GOST 4543-71,Quenching and cooling in the oil,800,700,14.638666666666667,,215000,83000,0.3,7850,0.360881,0.542951,0.036053,0.39708,0.350597,1.022948,1.040648,0.0,96.248841
Steel 38ChA GOST 4543-71,Quenched and tempered,930,785,12.0,,206000,80000,0.29,7860,0.412642,0.468491,0.026363,0.069977,0.185119,1.06038,0.85491,0.0,96.922118
Steel 20 GOST 1577-93,normalized,475,230,27.0,156.0,206000,80000,0.29,7860,0.274408,0.654579,0.028448,0.339142,0.191633,0.989099,0.952244,0.0,96.570447
Steel 20 GOST 1577-93,normalized,450,210,25.0,156.0,206000,80000,0.29,7860,0.340634,0.402357,0.007859,0.279772,0.262837,1.086035,0.86151,0.0,96.758996
Steel 20 GOST 1577-93,Quenched and tempered,625,350,20.0,156.0,206000,80000,0.29,7860,0.215149,0.589375,0.0353,0.344335,0.266731,0.9914,1.068445,0.0,96.489265
Steel 20 GOST 1577-93,Quenched and tempered,575,300,22.0,156.0,206000,80000,0.29,7860,0.194655,0.474933,0.019559,0.38355,0.261666,0.914733,0.921363,0.0,96.829541
Steel 25 GOST 1577-93,normalized,495,260,25.0,170.0,206000,80000,0.29,7860,0.25,1.1,0.029375,0.201665,0.167385,0.0,1.041288,0.0,97.210288
Steel 25 GOST 1577-93,normalized,495,240,25.0,170.0,206000,80000,0.29,7860,0.25,1.1,0.031951,0.323566,0.17622,0.0,0.871523,0.0,97.246739
Steel 25 GOST 1577-93,normalized,475,220,23.0,170.0,206000,80000,0.29,7860,0.25,1.1,0.015554,0.230381,0.245637,0.0,1.011425,0.0,97.147003
Steel 25 GOST 1577-93,Quenched and tempered,625,370,19.0,170.0,206000,80000,0.29,7860,0.25,1.1,0.007826,0.31205,0.157706,0.0,0.813523,0.0,97.358895
Steel 25 GOST 1577-93,Quenched and tempered,575,320,21.0,170.0,206000,80000,0.29,7860,0.25,1.1,0.031951,0.323566,0.17622,0.0,0.871523,0.0,97.246739
Steel 30 GOST 1577-93,normalized,540,280,23.0,179.0,206000,80000,0.29,7860,0.32721,0.359178,0.03048,0.116296,0.256297,0.0,1.118374,0.0,97.792165
Steel 30 GOST 1577-93,normalized,540,250,23.0,179.0,206000,80000,0.29,7860,0.336555,0.288846,0.000344,0.436957,0.19906,0.0,0.999237,0.0,97.739001
Steel 30 GOST 1577-93,normalized,520,230,21.0,179.0,206000,80000,0.29,7860,0.315009,0.345048,0.020062,0.3893,0.239148,0.0,0.972611,0.0,97.718821
Steel 30 GOST 1577-93,Quenched and tempered,675,400,18.0,179.0,206000,80000,0.29,7860,0.306304,0.356757,0.043831,0.253545,0.322963,0.0,1.093372,0.0,97.623227
Steel 30 GOST 1577-93,Quenched and tempered,625,350,20.0,179.0,206000,80000,0.29,7860,0.292848,0.368674,0.003111,0.19593,0.34465,0.0,0.904038,0.0,97.890748
Steel 30 GOST 1577-93,Quenched and tempered,575,300,21.0,179.0,206000,80000,0.29,7860,0.342989,0.203445,0.01971,0.143292,0.224389,0.0,1.19085,0.0,97.875324
Steel 35 GOST 1577-93,normalized,575,300,21.0,207.0,206000,80000,0.29,7860,0.377905,0.420833,0.012651,0.099067,0.332436,0.0,1.001849,0.0,97.755259
Steel 35 GOST 1577-93,normalized,575,270,21.0,207.0,206000,80000,0.29,7860,0.340136,0.607597,0.007801,0.382751,0.236242,0.0,0.944609,0.0,97.480863
Steel 35 GOST 1577-93,normalized,555,245,19.0,207.0,206000,80000,0.29,7860,0.351427,0.651035,0.002388,0.010191,0.186793,0.0,0.950718,0.0,97.847447
Steel 35 GOST 1577-93,Quenched and tempered,705,430,17.0,187.0,206000,80000,0.29,7860,0.368634,0.618832,0.024563,0.218277,0.303959,0.0,0.937969,0.0,97.527766
Steel 35 GOST 1577-93,Quenched and tempered,675,370,19.0,187.0,206000,80000,0.29,7860,0.386828,0.611907,0.037797,0.301524,0.269788,0.0,1.040502,0.0,97.351654
Steel 35 GOST 1577-93,Quenched and tempered,625,320,20.0,187.0,206000,80000,0.29,7860,0.389229,0.744686,0.006783,0.293006,0.380543,0.0,1.096457,0.0,97.089297
Steel 40 GOST 1577-93,normalized,625,320,19.0,217.0,206000,80000,0.29,7860,0.294719,0.462504,0.018462,0.112679,0.207257,0.818327,0.8961,0.0,97.189952
Steel 40 GOST 1577-93,normalized,625,290,19.0,217.0,206000,80000,0.29,7860,0.206543,0.618388,0.036299,0.368871,0.369137,0.842443,0.830375,0.0,96.727945
Steel 40 GOST 1577-93,normalized,605,260,17.0,217.0,206000,80000,0.29,7860,0.193416,0.466484,0.002899,0.251017,0.321784,1.064445,0.94744,0.0,96.752514
Steel 40 GOST 1577-93,Quenched and tempered,725,460,16.0,187.0,206000,80000,0.29,7860,0.243903,0.520979,0.001193,0.258209,0.359567,1.064946,0.843339,0.0,96.707864
Steel 40 GOST 1577-93,Quenched and tempered,705,400,18.0,187.0,206000,80000,0.29,7860,0.219202,0.407534,0.023024,0.096565,0.203795,0.812907,1.002556,0.0,97.234417
Steel 40 GOST 1577-93,Quenched and tempered,675,350,19.0,187.0,206000,80000,0.29,7860,0.349099,0.414345,0.03471,0.190565,0.298215,0.888758,1.072205,0.0,96.752103
Steel 45 GOST 1577-93,normalized,675,340,17.0,229.0,206000,80000,0.29,7860,0.189831,0.600469,0.018601,0.031406,0.337733,0.993025,0.990744,0.0,96.83819
Steel 45 GOST 1577-93,normalized,675,305,17.0,229.0,206000,80000,0.29,7860,0.170111,0.692905,0.000382,0.340268,0.197904,1.072206,1.066067,0.0,96.460157
Steel 45 GOST 1577-93,normalized,655,275,15.0,229.0,206000,80000,0.29,7860,0.229611,0.633664,0.020943,0.306037,0.355651,1.025035,0.88886,0.0,96.540198
Steel 45 GOST 1577-93,Quenched and tempered,775,500,14.0,197.0,206000,80000,0.29,7860,0.337337,0.630081,0.005153,0.357209,0.368355,0.84151,0.912352,0.0,96.548002
Steel 45 GOST 1577-93,Quenched and tempered,725,430,16.0,197.0,206000,80000,0.29,7860,0.172537,0.550258,0.115926,0.074378,0.342496,0.0,1.063014,0.0,97.681392
Steel 45 GOST 1577-93,Quenched and tempered,705,370,17.0,197.0,206000,80000,0.29,7860,0.136651,0.543984,0.289504,0.105552,0.339471,0.0,0.942093,0.0,97.642745
Steel 50 GOST 1577-93,normalized,710,355,16.0,241.0,206000,80000,0.29,7860,0.121302,0.514154,0.254858,0.022857,0.373355,0.0,0.910241,0.0,97.803233
Steel 50 GOST 1577-93,normalized,710,320,16.0,241.0,206000,80000,0.29,7860,0.154969,0.559101,0.073191,0.156648,0.155907,0.0,0.921222,0.0,97.978962
Steel 50 GOST 1577-93,normalized,690,290,14.0,241.0,206000,80000,0.29,7860,0.122233,0.589672,0.107917,0.13001,0.199255,0.0,1.075592,0.0,97.775322
Steel 50 GOST 1577-93,Quenched and tempered,825,520,13.0,207.0,206000,80000,0.29,7860,0.150093,0.4694,0.232985,0.364369,0.197762,0.0,0.816369,0.0,97.769023
Steel 50 GOST 1577-93,Quenched and tempered,775,460,15.0,207.0,206000,80000,0.29,7860,0.159728,0.509186,0.212145,0.067753,0.289816,0.0,0.880757,0.0,97.880615
Steel 50 GOST 1577-93,Quenched and tempered,725,400,16.0,207.0,206000,80000,0.29,7860,0.125553,0.48519,0.054293,0.313,0.341956,0.0,0.884183,0.0,97.795825
Steel 55 GOST 1577-93,normalized,750,370,15.0,255.0,206000,80000,0.29,7860,0.12379,0.443244,0.199657,0.019489,0.271121,0.0,0.818186,0.0,98.124513
Steel 55 GOST 1577-93,normalized,750,330,15.0,255.0,206000,80000,0.29,7860,0.177762,0.401831,0.100746,0.19888,0.320205,0.0,1.031332,0.0,97.769244
Steel 55 GOST 1577-93,normalized,730,300,13.0,255.0,206000,80000,0.29,7860,0.3324,0.248336,0.003298,0.282444,0.232375,0.0,1.157168,0.0,97.743979
Steel 55 GOST 1577-93,Quenched and tempered,875,550,12.0,217.0,206000,80000,0.29,7860,0.292627,0.173664,0.036513,0.108992,0.189953,0.0,0.929391,0.0,98.26886
Steel 55 GOST 1577-93,Quenched and tempered,825,500,14.0,217.0,206000,80000,0.29,7860,0.33364,0.19934,0.043462,0.354308,0.336326,0.0,1.143866,0.0,97.589059
Steel 55 GOST 1577-93,Quenched and tempered,775,430,15.0,217.0,206000,80000,0.29,7860,0.34953,0.320716,0.020216,0.241485,0.29088,0.0,1.032014,0.0,97.74516
Steel 60 GOST 1577-93,normalized,785,380,14.0,255.0,206000,80000,0.29,7860,0.292434,0.359891,0.044134,0.265898,0.210229,0.0,0.98412,0.0,97.843293
Steel 60 GOST 1577-93,normalized,785,340,14.0,255.0,206000,80000,0.29,7860,0.278698,0.350335,0.012592,0.002016,0.317703,0.0,1.119089,0.0,97.919568
Steel 60 GOST 1577-93,normalized,755,310,12.0,255.0,206000,80000,0.29,7860,0.331602,0.190168,0.041517,0.171486,0.335251,0.0,1.162506,0.0,97.76747
Steel 60 GOST 1577-93,Quenched and tempered,925,580,11.0,229.0,206000,80000,0.29,7860,0.273709,0.256631,0.00126,0.280191,0.223041,0.0,1.115008,0.0,97.850159
Steel 60 GOST 1577-93,Quenched and tempered,875,520,13.0,229.0,206000,80000,0.29,7860,0.297086,0.33562,0.02276,0.414822,0.330349,0.0,1.006072,0.0,97.593291
Steel 60 GOST 1577-93,Quenched and tempered,825,450,14.0,229.0,206000,80000,0.29,7860,0.322854,0.307487,0.009103,0.4284,0.218177,0.0,1.060182,0.0,97.653796
Steel 30Ch GOST 1577-93,Quenched and tempered,925,650,12.0,187.0,206000,80000,0.29,7860,0.371725,0.619333,0.028515,0.225236,0.297605,0.0,0.802559,0.0,97.655027
Steel 30Ch GOST 1577-93,Quenched and tempered,825,550,14.0,187.0,206000,80000,0.29,7860,0.32381,0.504699,0.004915,0.366981,0.332734,0.0,0.998034,0.0,97.468828
Steel 30Ch GOST 1577-93,Quenched and tempered,725,410,15.0,187.0,206000,80000,0.29,7860,0.390312,0.586532,0.018273,0.234082,0.210142,0.0,0.88077,0.0,97.679889
Steel 38ChA GOST 1577-93,Quenched and tempered,1050,750,11.0,207.0,206000,80000,0.29,7860,0.34554,0.522111,0.016043,0.363445,0.275677,0.0,1.044487,0.0,97.432697
Steel 38ChA GOST 1577-93,Quenched and tempered,925,630,13.0,207.0,206000,80000,0.29,7860,0.386185,0.740752,0.010639,0.006405,0.367104,0.0,1.006781,0.0,97.482134
Steel 38ChA GOST 1577-93,Quenched and tempered,825,510,14.0,207.0,206000,80000,0.29,7860,0.333594,0.575191,0.021565,0.338293,0.233172,0.0,0.832719,0.0,97.665466
Steel 40Ch GOST 1577-93,Quenched and tempered,1100,800,10.0,217.0,206000,80000,0.29,7860,0.394571,0.681421,0.008488,0.155311,0.395455,0.0,0.911651,0.0,97.453103
Steel 40Ch GOST 1577-93,Quenched and tempered,1000,660,12.0,217.0,206000,80000,0.29,7860,0.339698,0.76116,0.014561,0.391694,0.177381,0.0,0.992352,0.0,97.323154
Steel 40Ch GOST 1577-93,Quenched and tempered,875,560,14.0,217.0,206000,80000,0.29,7860,0.336493,0.767427,0.008511,0.083319,0.232603,0.0,1.041981,0.0,97.529667
Steel 15L GOST 977-88,normalized,392,196,24.0,,200000,77000,0.3,7820,0.339369,0.57088,0.025535,0.336397,0.362223,0.0,1.000003,0.0,97.365594
Steel 20L GOST 977-88,normalized,412,216,22.0,,200000,77000,0.3,7820,0.294719,0.462504,0.018462,0.112679,0.207257,0.818327,0.8961,0.0,97.189952
Steel 25L GOST 977-88,normalized,441,235,19.0,,205000,79000,0.3,7830,0.206543,0.618388,0.036299,0.368871,0.369137,0.842443,0.830375,0.0,96.727945
Steel 30L GOST 977-88,normalized,471,255,17.0,,210000,81000,0.3,7810,0.193416,0.466484,0.002899,0.251017,0.321784,1.064445,0.94744,0.0,96.752514
Steel 35L GOST 977-88,normalized,491,275,15.0,,212000,82000,0.29,7830,0.243903,0.520979,0.001193,0.258209,0.359567,1.064946,0.843339,0.0,96.707864
Steel 40L GOST 977-88,normalized,520,294,14.0,,215000,83000,0.3,7810,0.219202,0.407534,0.023024,0.096565,0.203795,0.812907,1.002556,0.0,97.234417
Steel 45L GOST 977-88,normalized,540,314,12.0,,215000,83000,0.3,7800,0.349099,0.414345,0.03471,0.190565,0.298215,0.888758,1.072205,0.0,96.752103
Steel 50L GOST 977-88,normalized,569,334,11.0,,219000,85000,0.29,7820,0.189831,0.600469,0.018601,0.031406,0.337733,0.993025,0.990744,0.0,96.83819
Steel 20GL GOST 977-88,normalized,540,275,18.0,,200000,77000,0.3,7820,0.170111,0.692905,0.000382,0.340268,0.197904,1.072206,1.066067,0.0,96.460157
Steel 35GL GOST 977-88,normalized,540,294,12.0,,200000,77000,0.3,7820,0.229611,0.633664,0.020943,0.306037,0.355651,1.025035,0.88886,0.0,96.540198
Steel 35GL GOST 977-88,Quenching and cooling in the water,589,343,13.953666666666669,,200000,77000,0.3,7820,0.337337,0.630081,0.005153,0.357209,0.368355,0.84151,0.912352,0.0,96.548002
Steel 20GSL GOST 977-88,normalized,540,294,18.0,,200000,77000,0.3,7820,0.172537,0.550258,0.115926,0.074378,0.342496,0.0,1.063014,0.0,97.681392
Steel 30GSL GOST 977-88,normalized,589,343,14.0,,200000,77000,0.3,7820,0.136651,0.543984,0.289504,0.105552,0.339471,0.0,0.942093,0.0,97.642745
Steel 30GSL GOST 977-88,Quenching and cooling in the water,638,392,13.745499999999998,,200000,77000,0.3,7820,0.121302,0.514154,0.254858,0.022857,0.373355,0.0,0.910241,0.0,97.803233
Steel 20G1FL GOST 977-88,normalized,510,314,17.0,,200000,77000,0.3,7820,0.154969,0.559101,0.073191,0.156648,0.155907,0.0,0.921222,0.0,97.978962
Steel 20FL GOST 977-88,normalized,491,294,18.0,,200000,77000,0.3,7820,0.122233,0.589672,0.107917,0.13001,0.199255,0.0,1.075592,0.0,97.775322
Steel 30ChGSFL GOST 977-88,normalized,589,392,15.0,,200000,77000,0.3,7820,0.150093,0.4694,0.232985,0.364369,0.197762,0.0,0.816369,0.0,97.769023
Steel 45FL GOST 977-88,normalized,589,392,12.0,,200000,77000,0.3,7820,0.159728,0.509186,0.212145,0.067753,0.289816,0.0,0.880757,0.0,97.880615
Steel 20ChML GOST 977-88,normalized,441,245,18.0,,215000,83000,0.3,7800,0.125553,0.48519,0.054293,0.313,0.341956,0.0,0.884183,0.0,97.795825
Steel 20ChMFL GOST 977-88,normalized,491,275,16.0,,200000,77000,0.3,7820,0.12379,0.443244,0.199657,0.019489,0.271121,0.0,0.818186,0.0,98.124513
Steel 20GNMFL GOST 977-88,normalized,589,491,15.0,,200000,77000,0.3,7820,0.177762,0.401831,0.100746,0.19888,0.320205,0.0,1.031332,0.0,97.769244
Steel 35ChML GOST 977-88,normalized,589,392,12.0,,215000,83000,0.3,7840,0.3324,0.248336,0.003298,0.282444,0.232375,0.0,1.157168,0.0,97.743979
Steel 30ChNML GOST 977-88,normalized,687,540,12.0,,200000,77000,0.3,7820,0.292627,0.173664,0.036513,0.108992,0.189953,0.0,0.929391,0.0,98.26886
Steel 35ChGSL GOST 977-88,normalized,589,343,14.0,,215000,83000,0.3,7800,0.33364,0.19934,0.043462,0.354308,0.336326,0.0,1.143866,0.0,97.589059
Steel 35ChGSL GOST 977-88,Quenching and cooling in the water,785,589,16.278666666666656,,215000,83000,0.3,7800,0.34953,0.320716,0.020216,0.241485,0.29088,0.0,1.032014,0.0,97.74516
Steel 20DChL GOST 977-88,normalized,491,392,12.0,,200000,77000,0.3,7820,0.292434,0.359891,0.044134,0.265898,0.210229,0.0,0.98412,0.0,97.843293
Steel 08GDNFL GOST 977-88,normalized,441,343,18.0,,212000,82000,0.29,7820,0.278698,0.350335,0.012592,0.002016,0.317703,0.0,1.119089,0.0,97.919568
Steel 13ChNDFTL GOST 977-88,normalized,491,392,18.0,,200000,77000,0.3,7820,0.331602,0.190168,0.041517,0.171486,0.335251,0.0,1.162506,0.0,97.76747
Steel 12DN2FL GOST 977-88,normalized,638,540,12.0,,200000,77000,0.3,7820,0.273709,0.256631,0.00126,0.280191,0.223041,0.0,1.115008,0.0,97.850159
Steel 25L GOST 977-88,Quenched and tempered,491,294,22.0,,205000,79000,0.3,7830,0.297086,0.33562,0.02276,0.414822,0.330349,0.0,1.006072,0.0,97.593291
Steel 30L GOST 977-88,Quenched and tempered,491,294,17.0,,205000,79000,0.3,7810,0.322854,0.307487,0.009103,0.4284,0.218177,0.0,1.060182,0.0,97.653796
Steel 35L GOST 977-88,Quenched and tempered,540,343,16.0,,205000,79000,0.3,7830,0.371725,0.619333,0.028515,0.225236,0.297605,0.0,0.802559,0.0,97.655027
Steel 40L GOST 977-88,Quenched and tempered,540,343,14.0,,205000,79000,0.3,7810,0.32381,0.504699,0.004915,0.366981,0.332734,0.0,0.998034,0.0,97.468828
Steel 45L GOST 977-88,Quenched and tempered,589,392,10.0,,205000,79000,0.3,7800,0.390312,0.586532,0.018273,0.234082,0.210142,0.0,0.88077,0.0,97.679889
Steel 50L GOST 977-88,Quenched and tempered,736,392,14.0,,205000,79000,0.3,7820,0.34554,0.522111,0.016043,0.363445,0.275677,0.0,1.044487,0.0,97.432697
Steel 20GL GOST 977-88,Quenched and tempered,530,334,14.0,,205000,79000,0.3,7820,0.386185,0.740752,0.010639,0.006405,0.367104,0.0,1.006781,0.0,97.482134
Steel 35GL GOST 977-88,Quenched and tempered,589,343,14.0,,200000,77000,0.3,7820,0.333594,0.575191,0.021565,0.338293,0.233172,0.0,0.832719,0.0,97.665466
Steel 30GSL GOST 977-88,Quenched and tempered,638,392,14.0,,200000,77000,0.3,7820,0.394571,0.681421,0.008488,0.155311,0.395455,0.0,0.911651,0.0,97.453103
Steel 30ChGSFL GOST 977-88,Quenched and tempered,785,589,14.0,,200000,77000,0.3,7820,0.339698,0.76116,0.014561,0.391694,0.177381,0.0,0.992352,0.0,97.323154
Steel 30ChGSFL GOST 977-88,Quenched and tempered,687,491,12.0,,200000,77000,0.3,7820,0.336493,0.767427,0.008511,0.083319,0.232603,0.0,1.041981,0.0,97.529667
Steel 45FL GOST 977-88,Quenched and tempered,638,441,10.0,,200000,77000,0.3,7820,0.339369,0.57088,0.025535,0.336397,0.362223,0.0,1.000003,0.0,97.365594
Steel 32Ch06L GOST 977-88,Quenched and tempered,638,491,12.0,,205000,79000,0.3,7850,0.6274,1.087236,0.000465,0.144151,0.2878,0.0,0.0,0.0,97.852948
Steel 20GNMFL GOST 977-88,Quenched and tempered,687,589,14.0,,200000,77000,0.3,7820,0.678902,1.168328,0.017196,0.136141,0.228121,0.0,0.0,0.0,97.771313
Steel 35ChML GOST 977-88,Quenched and tempered,687,540,12.0,,205000,79000,0.3,7840,0.639022,0.937935,0.033851,0.326239,0.267055,0.0,0.0,0.0,97.795898
Steel 30ChNML GOST 977-88,Quenched and tempered,785,638,10.0,,205000,79000,0.3,7820,0.699846,0.997074,0.007539,0.126651,0.27932,0.0,0.0,0.0,97.88957
Steel 35ChGSL GOST 977-88,Quenched and tempered,785,589,10.0,,205000,79000,0.3,7800,0.686948,1.124253,0.02042,0.091776,0.203189,0.0,0.0,0.0,97.873413
Steel 35NGML GOST 977-88,Quenched and tempered,736,589,12.0,,200000,77000,0.3,7820,0.645377,1.146234,0.006449,0.032842,0.326419,0.0,0.0,0.0,97.842678
Steel 20DChL GOST 977-88,Quenched and tempered,638,540,12.0,,200000,77000,0.3,7820,0.681923,0.975935,0.002996,0.336508,0.295083,0.0,0.0,0.0,97.707555
Steel 12DN2FL GOST 977-88,Quenched and tempered,785,638,12.0,,200000,77000,0.3,7820,0.653438,1.118203,0.026519,0.271826,0.303706,0.0,0.0,0.0,97.626308
Steel 12DChN1MFL GOST 977-88,Quenched and tempered,981,735,10.0,,200000,77000,0.3,7820,0.676012,0.984575,0.006105,0.042373,0.298595,0.0,0.0,0.0,97.992339
Steel 23ChGS2MFL GOST 977-88,Quenched and tempered,1275,1079,6.0,,200000,77000,0.3,7820,0.623233,1.049398,0.033681,0.079831,0.232375,0.0,0.0,0.0,97.981483
Steel 12Ch7G3SL GOST 977-88,Quenched and tempered,1324,1079,9.0,,200000,77000,0.3,7820,0.623838,0.958059,0.022943,0.160109,0.330243,0.0,0.0,0.0,97.904809
Steel 25Ch2GNMFL1 GOST 977-88,Quenched and tempered,638,491,12.0,,200000,77000,0.3,7820,0.695878,1.024884,0.023569,0.332987,0.254183,0.0,0.0,0.0,97.668499
Steel 25Ch2GNMFL2 GOST 977-88,Quenched and tempered,1275,1079,5.0,,200000,77000,0.3,7820,0.674965,1.187104,0.006335,0.135172,0.234513,0.0,0.0,0.0,97.761911
Steel 27Ch5GSML GOST 977-88,Quenched and tempered,1472,1177,5.0,,200000,77000,0.3,7820,0.679483,1.172482,0.021339,0.277165,0.19683,0.0,0.0,0.0,97.652701
Steel 30Ch3S3GML GOST 977-88,Quenched and tempered,1766,1472,4.0,,200000,77000,0.3,7820,0.663549,1.179976,0.023811,0.166499,0.198943,0.0,0.0,0.0,97.767222
Steel 03N12Ch5M3TL GOST 977-88,Quenched and tempered,1324,1275,8.0,,200000,77000,0.3,7820,0.628664,1.023244,0.002189,0.164398,0.208007,0.0,0.0,0.0,97.973497
Steel 03N12Ch5M3TJuL GOST 977-88,Quenched and tempered,1472,1422,8.0,,200000,77000,0.3,7820,0.650185,1.057457,0.000745,0.283642,0.212863,0.0,0.0,0.0,97.795109
Steel 40ChL GOST 977-88,Quenching and cooling in the oil,638,491,15.336666666666652,,219000,85000,0.29,7840,0.625311,1.138021,0.006352,0.271865,0.33244,0.0,0.0,0.0,97.626012
Steel 50ChFA GOST 14959-79,heat treated,1270,1080,8.0,,206000,80000,0.3,7860,0.673375,1.186768,0.020179,0.120198,0.218632,0.0,0.0,0.0,97.780848
Steel 55S2 GOST 14959-79,heat treated,1270,1175,6.0,,206000,80000,0.3,7860,0.67072,0.926126,0.000629,0.303614,0.231225,0.0,0.0,0.0,97.867685
Steel 50ChGA GOST 14959-79,heat treated,1270,1175,7.0,,206000,80000,0.3,7860,0.682459,1.050873,0.005117,0.098872,0.361017,0.0,0.0,0.0,97.801662
Steel 50ChGFA GOST 14959-79,heat treated,1420,1325,6.0,,206000,80000,0.3,7860,0.675566,1.175005,0.0127,0.117094,0.319376,0.0,0.0,0.0,97.700259
